V,pH,Derivative Y1,Derivative Y2
μL,,,
,,"1st derivative of ""pH""","2nd derivative of ""pH"""
0,1.46,0.0012,-2E-6
50,1.52,0.0011,-1.00000000000002E-6
100,1.57,0.0011,1.99999999999998E-6
150,1.63,0.0013,3.00000000000003E-6
200,1.7,0.0014,2.00000000000002E-6
250,1.77,0.0015,4.99999999999998E-6
300,1.85,0.0019,7.99999999999999E-6
350,1.96,0.0023,9.00000000000003E-6
400,2.08,0.0028,1.5E-5
450,2.24,0.0038,2.9E-5
500,2.46,0.0057,6.4E-5
550,2.81,0.0102,1.48E-4
600,3.48,0.0205,3.26E-4
650,4.86,0.0428,1.89E-4
700,7.76,0.0394,-2.77E-4
750,8.8,0.0151,-3.11E-4
800,9.27,0.0083,-8.4E-5
850,9.63,0.0067,-2.20000000000001E-5
900,9.94,0.00609999999999999,-7.00000000000003E-6
950,10.24,0.006,0
1000,10.54,0.00609999999999999,2.00000000000014E-6
1050,10.85,0.00620000000000001,-4.99999999999989E-6
1100,11.16,0.00560000000000001,-1.70000000000002E-5
1150,11.41,0.00449999999999999,-2.10000000000001E-5
1200,11.61,0.0035,-1.79999999999998E-5
1250,11.76,0.00270000000000001,-1.39999999999999E-5
1300,11.88,0.00210000000000001,-9.00000000000016E-6
1350,11.97,0.0018,-6.00000000000023E-6
1400,12.06,0.00149999999999999,-5.00000000000007E-6
1450,12.12,0.00129999999999999,-2.99999999999976E-6
1500,12.19,0.00120000000000001,-2.99999999999993E-6
1550,12.24,0.001,-3.00000000000011E-6
1600,12.29,8.99999999999999E-4,-2.99999999999994E-6
1650,12.33,7.00000000000003E-4,-3.00000000000012E-6
1700,12.36,5.99999999999987E-4,-2.00000000000031E-6
