V,pH,Derivative Y1,Derivative Y2,Derivative Y3,V,pH
\i(μL),,,,,\i(μL),
,,"1st derivative of ""pH""","2nd derivative of ""pH""","2nd derivative of ""Derivative Y2""",,
0,2.8,0.016,-0.001,1.00000000000001E-5,150,3.5
5,2.88,0.011,-0.001,1.00000000000001E-5,160,3.53
10,2.91,0.00600000000000001,-5.00000000000003E-4,4.65868120989865E-20,170,3.56
15,2.94,0.00600000000000001,0,-1E-5,180,3.59
20,2.97,0.00600000000000001,-4.42354486374086E-18,-5.99999999999987E-6,190,3.62
25,3,0.00599999999999996,0,-1.00000000000002E-6,200,3.65
30,3.03,0.00600000000000001,-9.99999999999934E-5,3.99999999999978E-6,210,3.67
35,3.06,0.00500000000000003,-1.00000000000002E-4,3.00000000000007E-6,220,3.7
40,3.08,0.00499999999999998,1.99999999999996E-4,-7.99999999999983E-6,230,3.72
45,3.11,0.00699999999999998,1.00000000000002E-4,-5.00000000000007E-6,240,3.75
50,3.15,0.00600000000000001,-2.99999999999998E-4,7.99999999999992E-6,250,3.77
55,3.17,0.004,-2E-4,6.00000000000001E-6,260,3.79
60,3.19,0.004,0,-2.99999999999998E-6,270,3.82
65,3.21,0.004,9.99999999999979E-5,-5.99999999999992E-6,280,3.84
70,3.23,0.00499999999999998,0,0,300,3.87
75,3.26,0.004,-1.99999999999996E-4,5.49999999999986E-6,320,3.91
80,3.27,0.00300000000000002,0,-7.50000000000007E-7,340,3.95
85,3.29,0.004,4.99999999999967E-5,-3.49999999999989E-6,360,3.99
90,3.31,0.00349999999999999,-7.50000000000006E-5,4.37500000000024E-7,380,4.03
100,3.34,0.003,-2.49999999999995E-5,6.24999999999984E-7,400,4.07
110,3.37,0.003,0,-1.25000000000003E-7,420,4.11
120,3.4,0.003,2.50000000000006E-5,-2.50000000000006E-7,440,4.15
130,3.43,0.00350000000000001,2.49999999999995E-5,-1.87499999999996E-7,460,4.19
140,3.47,0.00349999999999999,-2.50000000000017E-5,1.87500000000013E-7,480,4.23
150,3.5,0.00299999999999998,-2.49999999999995E-5,1.87499999999996E-7,500,4.27
160,3.53,0.003,1.10588621593521E-18,-6.25000000000098E-8,520,4.31
170,3.56,0.003,0,-1.25E-7,540,4.34
180,3.59,0.003,0,-6.24999999999959E-8,560,4.38
190,3.62,0.003,-2.50000000000006E-5,1.25000000000006E-7,580,4.43
200,3.65,0.00249999999999999,-2.49999999999995E-5,1.24999999999995E-7,600,4.47
210,3.67,0.00250000000000001,1.12757025938492E-18,-6.25000000000099E-8,620,4.51
220,3.7,0.00250000000000001,-1.12757025938492E-18,-1.24999999999992E-7,640,4.55
230,3.72,0.00249999999999999,-1.12757025938492E-18,8.45709458274216E-21,660,4.6
240,3.75,0.00249999999999999,-2.49999999999995E-5,1.87499999999993E-7,680,4.65
250,3.77,0.002,0,-9.37500000000008E-8,700,4.7
260,3.79,0.00249999999999999,2.49999999999995E-5,-2.81249999999994E-7,720,4.75
270,3.82,0.00249999999999999,-3.74999999999992E-5,1.48437499999997E-7,740,4.82
280,3.84,0.00175000000000001,-3.74999999999992E-5,2.10937499999995E-7,760,4.87
300,3.87,0.00175000000000001,6.24999999999987E-6,-3.12499999999993E-8,780,4.92
320,3.91,0.002,6.24999999999987E-6,-3.12499999999993E-8,800,4.99
340,3.95,0.002,0,3.90624999999992E-9,820,5.06
360,3.99,0.002,0,3.90624999999992E-9,840,5.14
380,4.03,0.002,0,0,860,5.22
400,4.07,0.002,0,0,880,5.32
420,4.11,0.002,0,-3.45589442479755E-22,900,5.43
440,4.15,0.002,0,-3.45589442479755E-22,920,5.56
460,4.19,0.002,-5.52943107967607E-19,-3.90624999999888E-9,940,5.71
480,4.23,0.00199999999999998,-5.52943107967607E-19,-3.90624999999888E-9,960,5.9
500,4.27,0.00199999999999998,-6.24999999999931E-6,1.56249999999986E-8,980,6.19
520,4.31,0.00175000000000001,-6.24999999999931E-6,1.56249999999986E-8,1000,6.52
540,4.34,0.00175000000000001,1.24999999999997E-5,-2.34374999999992E-8,1020,7.21
560,4.38,0.00225,1.24999999999997E-5,-2.34374999999992E-8,1040,8.53
580,4.43,0.00225,-6.24999999999987E-6,1.95312499999996E-8,1060,9.4
600,4.47,0.002,-6.24999999999987E-6,2.34374999999999E-8,1080,9.95
620,4.51,0.002,6.24999999999987E-6,-7.81249999999948E-9,1100,10.35
640,4.55,0.00225,1.25000000000003E-5,-1.95312500000006E-8,1120,10.74
660,4.6,0.00250000000000001,6.25000000000043E-6,3.90624999999921E-9,1140,11.09
680,4.65,0.00250000000000001,-5.63785129692462E-19,1.56250000000011E-8,1160,11.41
700,4.7,0.00249999999999999,1.24999999999997E-5,-1.95312499999996E-8,1180,11.69
720,4.75,0.003,1.25000000000003E-5,-1.56250000000007E-8,1200,11.9
740,4.82,0.003,-1.25000000000003E-5,3.90625000000002E-8,1220,12.06
760,4.87,0.00249999999999999,0,1.95312499999999E-8,1240,12.18
780,4.92,0.003,2.5E-5,-3.125E-8,1260,12.28
800,4.99,0.00349999999999999,1.87499999999996E-5,-1.17187499999991E-8,1280,12.37
820,5.06,0.00374999999999999,1.25000000000003E-5,1.95312499999996E-8,1300,12.45
840,5.14,0.004,1.87500000000007E-5,1.17187499999984E-8,1320,12.51
860,5.22,0.00450000000000002,3.12499999999999E-5,-3.90624999999958E-9,1340,12.57
880,5.32,0.00525,3.74999999999992E-5,3.90625000000201E-9,1360,12.63
900,5.43,0.00599999999999998,4.37500000000002E-5,4.29687499999998E-8,1380,12.67
920,5.56,0.00700000000000001,6.25000000000009E-5,5.46874999999978E-8,1400,12.71
940,5.71,0.00850000000000002,1.25E-4,8.20312499999996E-8,1420,12.74
960,5.9,0.012,1.74999999999999E-4,3.63281250000002E-7,1440,12.78
980,6.19,0.0155,3.37499999999999E-4,1.13281250000001E-7,1460,12.81
1000,6.52,0.0255,8.68750000000001E-4,-1.20703125E-6,1480,12.83
1020,7.21,0.05025,7.31250000000001E-4,-1.1875E-6,1500,12.86
1040,8.53,0.05475,-3.6875E-4,7.578125E-7,1520,12.89
1060,9.4,0.0355,-7.75000000000001E-4,1.34375E-6,1540,12.91
1080,9.95,0.02375,-3.9375E-4,2.14843749999999E-7,1560,12.93
1100,10.35,0.01975,-1.3125E-4,-3.75000000000001E-7,1580,12.95
1120,10.74,0.0185,-7.50000000000007E-5,-2.22656249999999E-7,1600,12.97
1140,11.09,0.01675,-8.75000000000003E-5,-6.24999999999988E-8,1620,12.99
1160,11.41,0.015,-1.125E-4,1.17187499999991E-8,1640,13.01
1180,11.69,0.01225,-1.43749999999999E-4,6.64062499999979E-8,1660,13.03
1200,11.9,0.00925000000000003,-1.31250000000001E-4,5.85937500000008E-8,,
1220,12.06,0.00699999999999998,-9.37500000000014E-5,7.81250000000264E-9,,
1240,12.18,0.00549999999999997,-5.62499999999999E-5,-3.125E-8,,
1260,12.28,0.00474999999999999,-3.12499999999993E-5,-3.90625000000013E-8,,
1280,12.37,0.00425,-3.12499999999993E-5,-3.90625000000065E-9,,
1300,12.45,0.00350000000000001,-3.12499999999994E-5,1.17187499999991E-8,,
1320,12.51,0.00300000000000002,-1.24999999999997E-5,-1.95312500000003E-8,,
1340,12.57,0.00300000000000002,-1.25000000000008E-5,-1.56249999999983E-8,,
1360,12.63,0.00249999999999999,-2.50000000000006E-5,1.95312500000003E-8,,
1380,12.67,0.002,-1.87499999999996E-5,1.5624999999999E-8,,
1400,12.71,0.00175000000000001,-6.25000000000098E-6,-1.56249999999983E-8,,
1420,12.74,0.00174999999999996,5.4210108624276E-21,-1.95312500000003E-8,,
1440,12.78,0.00175000000000001,-1.24999999999986E-5,1.56249999999976E-8,,
1460,12.81,0.00125000000000002,-1.25000000000008E-5,1.56250000000018E-8,,
1480,12.83,0.00124999999999997,6.24999999999987E-6,-2.34374999999995E-8,,
1500,12.86,0.00150000000000001,1.11130722679764E-18,-1.17187500000025E-8,,
1520,12.89,0.00125000000000002,-1.25000000000008E-5,1.95312500000017E-8,,
1540,12.91,0.00099999999999998,-6.25000000000098E-6,7.81250000000261E-9,,
1560,12.93,0.00099999999999998,1.10588621593521E-18,-7.8125000000026E-9,,
1580,12.95,0.00100000000000002,1.10588621593521E-18,-3.90625000000268E-9,,
1600,12.97,0.00100000000000002,-1.10588621593521E-18,2.07353665487853E-21,,
1620,12.99,0.00099999999999998,-1.10588621593521E-18,2.07353665487853E-21,,
1640,13.01,0.00099999999999998,0,-6.91178884959509E-22,,
1660,13.03,0.00099999999999998,0,-1.38235776991902E-21,,
