V,pH,Derivative Y1,Smoothed Y1,Derivative Y2,V,pH
μL,,,,,μL,
,,"1st derivative of ""pH""","5 pts SG smooth of ""Derivative Y1""","2nd derivative of ""pH""",,
0,3.87,0.00649999999999999,0.00662142857142857,1.25000000000008E-5,0,3.87
20,4,0.00675000000000001,0.00656428571428571,-6.25000000000038E-6,10,3.91
30,4.07,0.0065,0.00632857142857142,-6.2500000000002E-5,20,4
40,4.13,0.00549999999999997,0.00569285714285713,-4.9999999999999E-5,30,4.07
50,4.18,0.00550000000000002,0.00558571428571429,2.50000000000017E-5,40,4.13
60,4.24,0.00600000000000001,0.00578571428571428,-2.16840434497101E-18,50,4.18
70,4.3,0.00549999999999997,0.00558571428571428,-4.99999999999989E-5,60,4.24
80,4.35,0.00500000000000003,0.00495714285714287,-4.99999999999968E-5,70,4.3
90,4.4,0.00450000000000004,0.00458571428571431,-2.50000000000017E-5,80,4.35
100,4.44,0.00449999999999999,0.0045,-2.21177243187043E-18,90,4.4
110,4.49,0.00449999999999999,0.00437142857142856,-2.49999999999995E-5,100,4.44
120,4.53,0.004,0.00412857142857143,-2.49999999999995E-5,110,4.49
130,4.57,0.004,0.00395714285714286,0,120,4.53
140,4.61,0.004,0.004,0,130,4.57
150,4.65,0.004,0.00404285714285715,0,140,4.61
160,4.69,0.004,0.00391428571428571,-2.50000000000017E-5,150,4.65
170,4.73,0.00349999999999997,0.00345714285714283,-5.00000000000012E-5,160,4.69
180,4.76,0.00299999999999998,0.00325714285714284,2.23277884896234E-18,170,4.73
190,4.79,0.00350000000000001,0.00315714285714285,2.03287907341032E-20,180,4.76
200,4.83,0.00299999999999998,0.00317142857142857,0,190,4.79
210,4.85,0.00350000000000001,0.00380000000000001,1.00000000000002E-4,200,4.83
220,4.9,0.00500000000000003,0.00444285714285717,2.49999999999995E-5,210,4.85
230,4.95,0.004,0.00417142857142857,-7.50000000000029E-5,220,4.9
240,4.98,0.00349999999999997,0.00384285714285712,2.49999999999995E-5,230,4.95
250,5.02,0.00449999999999999,0.00407142857142856,2.50000000000017E-5,240,4.98
260,5.07,0.004,0.00417142857142857,-2.49999999999995E-5,250,5.02
270,5.1,0.004,0.00417142857142859,2.50000000000017E-5,260,5.07
280,5.15,0.00450000000000004,0.00415714285714287,-2.50000000000017E-5,270,5.1
290,5.19,0.00349999999999997,0.00358571428571427,-7.50000000000029E-5,280,5.15
300,5.22,0.00299999999999998,0.00321428571428569,2.50000000000017E-5,290,5.19
310,5.25,0.004,0.00395714285714285,1E-4,300,5.22
320,5.3,0.00499999999999998,0.00474285714285714,5.00000000000012E-5,310,5.25
330,5.35,0.00500000000000003,0.00534285714285715,5.00000000000012E-5,320,5.3
340,5.4,0.00600000000000001,0.00578571428571428,4.99999999999967E-5,330,5.35
350,5.47,0.00599999999999996,0.00595714285714284,-2.49999999999995E-5,340,5.4
360,5.52,0.00550000000000002,0.00567142857142857,-2.49999999999973E-5,350,5.47
370,5.58,0.00550000000000002,0.00520000000000001,-2.50000000000017E-5,360,5.52
380,5.63,0.00499999999999998,0.00542857142857142,4.9999999999999E-5,370,5.58
390,5.68,0.00649999999999999,0.00632857142857142,1.25000000000002E-4,380,5.63
400,5.76,0.00750000000000002,0.00741428571428573,5.00000000000012E-5,390,5.68
410,5.83,0.00750000000000002,0.00754285714285715,-2.50000000000017E-5,400,5.76
420,5.91,0.00699999999999998,0.00674285714285714,-7.50000000000006E-5,410,5.83
430,5.97,0.00600000000000001,0.00642857142857143,2.50000000000017E-5,420,5.91
440,6.03,0.00750000000000002,0.00754285714285715,1.74999999999998E-4,430,5.97
450,6.12,0.00949999999999997,0.00924285714285712,9.99999999999979E-5,440,6.03
460,6.22,0.00949999999999997,0.00928571428571426,-7.49999999999983E-5,450,6.12
470,6.31,0.00800000000000001,0.0083,-7.49999999999983E-5,460,6.22
480,6.38,0.00800000000000001,0.00812857142857143,4.99999999999989E-5,470,6.31
490,6.47,0.00899999999999999,0.0087,5.00000000000011E-5,480,6.38
500,6.56,0.00900000000000003,0.00925714285714287,2.50000000000017E-5,490,6.47
510,6.65,0.00950000000000002,0.0092857142857143,-2.16840434497101E-18,500,6.56
520,6.75,0.00899999999999999,0.00891428571428571,-5.00000000000011E-5,510,6.65
530,6.83,0.0085,0.00905714285714285,5.00000000000012E-5,520,6.75
540,6.92,0.01,0.00935714285714286,2.49999999999994E-5,530,6.83
550,7.03,0.00899999999999999,0.00912857142857142,-7.50000000000006E-5,540,6.92
560,7.1,0.0085,0.00901428571428571,5.00000000000012E-5,550,7.03
570,7.2,0.01,0.00935714285714286,2.49999999999994E-5,560,7.1
580,7.3,0.00899999999999999,0.00929999999999999,-7.50000000000006E-5,570,7.2
590,7.38,0.0085,0.00849999999999999,-4.99999999999989E-5,580,7.3
600,7.47,0.00800000000000001,0.00787142857142858,-7.49999999999984E-5,590,7.38
610,7.54,0.00700000000000003,0.0070857142857143,-7.50000000000006E-5,600,7.47
620,7.61,0.0065,0.0065,-2.50000000000017E-5,610,7.54
630,7.67,0.0065,0.00667142857142856,2.49999999999994E-5,620,7.61
640,7.74,0.00699999999999998,0.00669999999999999,-2.49999999999995E-5,630,7.67
650,7.81,0.00600000000000001,0.00604285714285715,-9.99999999999979E-5,640,7.74
660,7.86,0.00500000000000003,0.00517142857142858,-5.00000000000012E-5,650,7.81
670,7.91,0.00499999999999998,0.0049142857142857,-2.25514051876985E-18,660,7.86
680,7.96,0.00499999999999998,0.00499999999999999,2.25514051876985E-18,670,7.91
690,8.01,0.00500000000000003,0.00504285714285714,0,680,7.96
700,8.06,0.00499999999999998,0.00491428571428571,-2.50000000000017E-5,690,8.01
710,8.11,0.00449999999999999,0.00449999999999999,-4.99999999999989E-5,700,8.06
720,8.15,0.004,0.00412857142857143,-2.49999999999995E-5,710,8.11
730,8.19,0.004,0.00382857142857144,-2.49999999999995E-5,720,8.15
740,8.23,0.00350000000000001,0.0035857142857143,-2.49999999999995E-5,730,8.19
750,8.26,0.00350000000000001,0.00367142857142859,2.49999999999995E-5,740,8.23
760,8.3,0.004,0.00361428571428569,-2.50000000000039E-5,750,8.26
770,8.34,0.00299999999999994,0.00325714285714283,-4.9999999999999E-5,760,8.3
780,8.36,0.00300000000000002,0.00308571428571428,2.50000000000039E-5,770,8.34
790,8.4,0.00350000000000001,0.00328571428571431,0,780,8.36
800,8.43,0.00300000000000002,0.00304285714285717,-4.99999999999989E-5,790,8.4
810,8.46,0.00250000000000004,0.00254285714285715,-2.50000000000039E-5,800,8.43
820,8.48,0.00249999999999995,0.00258571428571425,2.4999999999995E-5,810,8.46
830,8.51,0.00299999999999994,0.00291428571428567,2.50000000000039E-5,820,8.48
840,8.54,0.00300000000000002,0.00295714285714287,-2.4999999999995E-5,830,8.51
850,8.57,0.00250000000000004,0.00245714285714287,-5.00000000000034E-5,840,8.54
860,8.59,0.00199999999999996,0.00225714285714285,0,850,8.57
870,8.61,0.00250000000000004,0.00220000000000002,4.42490011645647E-18,860,8.59
880,8.64,0.00200000000000005,0.0021714285714286,-2.50000000000039E-5,870,8.61
890,8.65,0.00199999999999996,0.00199999999999997,-4.42354486374086E-18,880,8.64
900,8.68,0.00199999999999996,0.0018285714285714,-2.4999999999995E-5,890,8.65
910,8.69,0.00150000000000006,0.00175714285714289,4.42490011645647E-18,900,8.68
920,8.71,0.00200000000000005,0.00182857142857146,2.4999999999995E-5,910,8.69
930,8.73,0.00199999999999996,0.00204285714285712,-4.42354486374086E-18,920,8.71
940,8.75,0.00199999999999996,0.00199999999999994,0,930,8.73
950,8.77,0.00199999999999996,0.00199999999999998,4.42354486374086E-18,940,8.75
960,8.79,0.00200000000000005,0.00200000000000003,4.42354486374086E-18,950,8.77
970,8.81,0.00200000000000005,0.00204285714285717,-4.42354486374086E-18,960,8.79
980,8.83,0.00199999999999996,0.0019142857142857,-2.50000000000039E-5,970,8.81
990,8.85,0.00149999999999997,0.00145714285714281,-4.9999999999999E-5,980,8.83
1000,8.86,0.00099999999999998,0.00117142857142857,4.43506451182352E-18,990,8.85
1010,8.87,0.00150000000000006,0.0014571428571429,5.00000000000034E-5,1000,8.86
1020,8.89,0.00200000000000005,0.00195714285714289,2.4999999999995E-5,1010,8.87
1030,8.91,0.00199999999999996,0.00195714285714284,-2.50000000000039E-5,1020,8.89
1040,8.93,0.00149999999999997,0.00149999999999995,-4.9999999999999E-5,1030,8.91
1050,8.94,0.00099999999999998,0.00108571428571429,-2.4999999999995E-5,1040,8.93
1060,8.95,0.00100000000000007,9.57142857142911E-4,4.44522890719057E-18,1050,8.94
1070,8.96,0.00100000000000007,9.5714285714291E-4,-4.44522890719057E-18,1060,8.95
1080,8.97,0.00099999999999998,0.00112857142857143,2.4999999999995E-5,1070,8.96
1090,8.98,0.00149999999999997,0.00141428571428568,2.49999999999995E-5,1080,8.97
1100,9,0.00149999999999997,0.00137142857142854,-2.49999999999995E-5,1090,8.98
1110,9.01,0.00099999999999998,0.00125714285714282,0,1100,9
1120,9.02,0.00149999999999997,0.00137142857142856,2.50000000000039E-5,1110,9.01
1130,9.04,0.00150000000000006,0.00141428571428576,-2.4999999999995E-5,1120,9.02
1140,9.05,0.00100000000000007,0.00108571428571434,-2.50000000000039E-5,1130,9.04
1150,9.06,0.00099999999999998,0.00112857142857143,2.4999999999995E-5,1140,9.05
1160,9.07,0.00149999999999997,0.00128571428571425,0,1150,9.06
1170,9.09,0.00099999999999998,0.00099999999999998,-4.9999999999999E-5,1160,9.07
1180,9.09,4.99999999999989E-4,6.71428571428549E-4,0,1170,9.09
1190,9.1,0.00099999999999998,9.5714285714286E-4,5.00000000000034E-5,1180,9.09
1200,9.11,0.00150000000000006,0.00141428571428576,2.50000000000039E-5,1190,9.1
1210,9.13,0.00150000000000006,0.00154285714285718,-4.43438688546571E-18,1200,9.11
1220,9.14,0.00149999999999997,0.00158571428571427,-4.43438688546571E-18,1210,9.13
1230,9.16,0.00149999999999997,0.00124285714285711,-4.9999999999999E-5,1220,9.14
1240,9.17,4.99999999999989E-4,7.14285714285699E-4,-4.9999999999999E-5,1230,9.16
1250,9.17,4.99999999999989E-4,5.42857142857131E-4,2.49999999999995E-5,1240,9.17
1260,9.18,0.00099999999999998,8.71428571428545E-4,2.49999999999995E-5,1250,9.17
1270,9.19,0.00099999999999998,0.001,4.44522890719057E-18,1260,9.18
1280,9.2,0.00100000000000007,0.00112857142857148,2.50000000000039E-5,1270,9.19
1290,9.21,0.00150000000000006,0.00141428571428576,2.4999999999995E-5,1280,9.2
1300,9.23,0.00149999999999997,0.00141428571428571,-2.50000000000039E-5,1290,9.21
1310,9.24,0.00099999999999998,0.0011285714285714,-2.49999999999995E-5,1300,9.23
1320,9.25,0.00099999999999998,9.57142857142837E-4,0,1310,9.24
1330,9.26,0.00099999999999998,0.00099999999999998,0,1320,9.25
1340,9.27,0.00099999999999998,0.00099999999999997,0,1330,9.26
1350,9.28,0.00099999999999998,0.001,4.44522890719057E-18,1340,9.27
1360,9.29,0.00100000000000007,0.00104285714285719,4.44522890719057E-18,1350,9.28
1370,9.3,0.00100000000000007,8.71428571428627E-4,-2.50000000000039E-5,1360,9.29
1380,9.31,4.99999999999989E-4,6.28571428571438E-4,-2.50000000000039E-5,1370,9.3
1390,9.31,4.99999999999989E-4,4.5714285714284E-4,0,1380,9.31
1400,9.32,4.99999999999989E-4,4.57142857142847E-4,0,1390,9.31
1410,9.32,4.99999999999989E-4,6.28571428571415E-4,2.49999999999995E-5,1400,9.32
1420,9.33,0.00099999999999998,8.71428571428553E-4,2.49999999999995E-5,1410,9.32
1430,9.34,0.00099999999999998,0.00104285714285712,0,1420,9.33
1440,9.35,0.00099999999999998,0.00104285714285712,0,1430,9.34
1450,9.36,0.00099999999999998,8.71428571428545E-4,-2.49999999999995E-5,1440,9.35
1460,9.37,4.99999999999989E-4,5.85714285714296E-4,-2.4999999999995E-5,1450,9.36
1470,9.37,5.00000000000078E-4,5.85714285714347E-4,2.50000000000039E-5,1460,9.37
1480,9.38,0.00100000000000007,8.71428571428627E-4,2.4999999999995E-5,1470,9.37
1490,9.39,0.00099999999999998,0.00108571428571429,-4.44522890719057E-18,1480,9.38
1500,9.4,0.00099999999999998,8.71428571428545E-4,-2.49999999999995E-5,1490,9.39
1510,9.41,4.99999999999989E-4,6.28571428571415E-4,-2.49999999999995E-5,1500,9.4
1520,9.41,4.99999999999989E-4,4.57142857142847E-4,0,1510,9.41
1530,9.42,4.99999999999989E-4,4.57142857142847E-4,0,1520,9.41
1540,9.42,4.99999999999989E-4,6.28571428571415E-4,2.49999999999995E-5,1530,9.42
1550,9.43,0.00099999999999998,8.71428571428545E-4,2.49999999999995E-5,1540,9.42
1560,9.44,0.00099999999999998,0.00108571428571429,4.44522890719057E-18,1550,9.43
1570,9.45,0.00100000000000007,8.71428571428626E-4,-2.4999999999995E-5,1560,9.44
1580,9.46,5.00000000000078E-4,5.85714285714347E-4,-2.50000000000039E-5,1570,9.45
1590,9.46,4.99999999999989E-4,5.85714285714296E-4,2.4999999999995E-5,1580,9.46
1600,9.47,0.00099999999999998,9.14285714285687E-4,2.49999999999995E-5,1590,9.46
1610,9.48,0.00099999999999998,9.14285714285695E-4,-2.49999999999995E-5,1600,9.47
1620,9.49,4.99999999999989E-4,5.85714285714273E-4,-2.49999999999995E-5,1610,9.48
1630,9.49,4.99999999999989E-4,6.42857142857611E-4,2.49999999999995E-5,1620,9.49
1640,9.5,0.00099999999999998,9.14285714285423E-4,4.9999999999999E-5,1630,9.49
,,,,,1640,9.5
