V,pH,Derivative Y1,Derivative Y2,Smoothed Y1
μL,,,,
,,"1st derivative of ""pH""","2nd derivative of ""pH""","5 pts SG smooth of ""Derivative Y1"""
0,2.28,5.00000000000012E-4,1.24999999999992E-5,3.50000000000011E-4
20,2.29,7.49999999999995E-4,4.37499999999994E-5,0.00105
30,2.3,0.00149999999999999,6.25000000000003E-5,0.00149999999999999
40,2.32,0.002,1.10453096321961E-18,0.00185
50,2.34,0.00150000000000001,-5.00000000000001E-5,0.00154285714285715
60,2.35,0.001,-2.50000000000006E-5,0.00108571428571429
70,2.36,0.001,0,9.14285714285715E-4
80,2.37,0.001,2.49999999999995E-5,0.00117142857142857
90,2.38,0.00149999999999999,0,0.00132857142857142
100,2.4,0.001,-7.49999999999995E-5,8.92857142857139E-4
110,2.4,0,-3.74999999999998E-5,2.5714285714286E-4
120,2.4,2.50000000000006E-4,1.87500000000002E-5,1.64285714285717E-4
140,2.41,5.00000000000001E-4,6.24999999999987E-6,4.35714285714288E-4
160,2.42,5.00000000000001E-4,6.25000000000015E-6,6.07142857142859E-4
180,2.43,7.50000000000006E-4,0,6.21428571428575E-4
200,2.45,5.00000000000001E-4,-6.25000000000015E-6,5.64285714285717E-4
220,2.45,5.00000000000001E-4,6.24999999999987E-6,5.64285714285712E-4
240,2.47,7.49999999999995E-4,0,6.21428571428569E-4
260,2.48,5.00000000000001E-4,-6.24999999999987E-6,5.85714285714285E-4
280,2.49,5.00000000000001E-4,-2.76471553983804E-19,4.78571428571426E-4
300,2.5,4.99999999999989E-4,0,4.99999999999995E-4
320,2.51,5.00000000000001E-4,2.76471553983804E-19,5.21428571428569E-4
340,2.52,5.00000000000001E-4,-6.25000000000015E-6,4.35714285714285E-4
360,2.53,2.49999999999995E-4,-6.24999999999987E-6,2.92857142857142E-4
380,2.53,2.50000000000006E-4,6.25000000000015E-6,2.92857142857144E-4
400,2.54,5.00000000000001E-4,6.24999999999987E-6,4.35714285714289E-4
420,2.55,5.00000000000001E-4,0,5.21428571428571E-4
440,2.56,5.00000000000001E-4,0,5.00000000000001E-4
460,2.57,5.00000000000001E-4,0,5.21428571428572E-4
480,2.58,5.00000000000001E-4,-6.25000000000015E-6,4.35714285714284E-4
500,2.59,2.49999999999995E-4,-6.24999999999987E-6,2.92857142857142E-4
520,2.59,2.50000000000006E-4,6.25000000000015E-6,2.92857142857144E-4
540,2.6,5.00000000000001E-4,6.24999999999987E-6,4.35714285714289E-4
560,2.61,5.00000000000001E-4,0,5.21428571428571E-4
580,2.62,5.00000000000001E-4,0,5.21428571428571E-4
600,2.63,5.00000000000001E-4,-6.24999999999987E-6,4.35714285714289E-4
620,2.64,2.50000000000006E-4,-6.25000000000015E-6,2.92857142857144E-4
640,2.64,2.49999999999995E-4,6.24999999999987E-6,2.92857142857142E-4
660,2.65,5.00000000000001E-4,6.25000000000015E-6,4.35714285714284E-4
680,2.66,5.00000000000001E-4,0,5.42857142857143E-4
700,2.67,5.00000000000001E-4,-6.24999999999987E-6,4.35714285714289E-4
720,2.68,2.50000000000006E-4,-6.25000000000015E-6,2.92857142857144E-4
740,2.68,2.49999999999995E-4,6.24999999999987E-6,2.92857142857142E-4
760,2.69,5.00000000000001E-4,6.25000000000015E-6,4.35714285714284E-4
780,2.7,5.00000000000001E-4,0,5.42857142857143E-4
800,2.71,5.00000000000001E-4,-6.24999999999987E-6,4.35714285714289E-4
820,2.72,2.50000000000006E-4,-6.25000000000015E-6,3.14285714285716E-4
840,2.72,2.49999999999995E-4,-2.76471553983804E-19,2.28571428571426E-4
860,2.73,2.49999999999995E-4,2.76471553983804E-19,2.49999999999997E-4
880,2.73,2.50000000000006E-4,2.76471553983804E-19,2.50000000000004E-4
900,2.74,2.50000000000006E-4,-2.76471553983804E-19,2.28571428571433E-4
920,2.74,2.49999999999995E-4,6.24999999999959E-6,3.14285714285709E-4
940,2.75,4.99999999999989E-4,6.25000000000015E-6,4.57142857142849E-4
960,2.76,5.00000000000001E-4,-6.24999999999959E-6,4.57142857142857E-4
980,2.77,2.50000000000006E-4,-6.25000000000015E-6,2.92857142857145E-4
1000,2.77,2.49999999999995E-4,6.24999999999987E-6,3.14285714285713E-4
1020,2.78,5.00000000000001E-4,2.76132740804902E-19,3.71428571428572E-4
1040,2.79,2.50000000000006E-4,-6.25000000000015E-6,3.14285714285716E-4
1060,2.79,2.49999999999995E-4,6.24999999999987E-6,3.14285714285713E-4
1080,2.8,5.00000000000001E-4,2.76132740804902E-19,3.71428571428572E-4
1100,2.81,2.50000000000006E-4,-6.25000000000015E-6,3.25000000000002E-4
1120,2.81,2.49999999999995E-4,3.1249999999998E-6,2.60714285714284E-4
1140,2.82,3.74999999999998E-4,3.12500000000014E-6,3.42857142857141E-4
1180,2.83,3.75000000000003E-4,0,3.96428571428572E-4
1220,2.85,3.74999999999998E-4,-1.56250000000004E-6,3.42857142857143E-4
1260,2.86,2.5E-4,-1.56249999999997E-6,2.71428571428571E-4
1300,2.87,2.5E-4,1.56249999999997E-6,2.71428571428571E-4
1340,2.88,3.74999999999998E-4,1.56250000000004E-6,3.53571428571429E-4
1380,2.9,3.75000000000003E-4,-1.56249999999997E-6,3.53571428571429E-4
1420,2.91,2.5E-4,-1.56250000000004E-6,2.82142857142859E-4
1460,2.92,2.5E-4,0,2.39285714285714E-4
1500,2.93,2.5E-4,0,2.39285714285714E-4
1540,2.94,2.5E-4,1.56250000000004E-6,2.82142857142859E-4
1580,2.95,3.75000000000003E-4,1.56249999999997E-6,3.53571428571429E-4
1620,2.97,3.74999999999998E-4,-1.56250000000004E-6,3.53571428571429E-4
1660,2.98,2.5E-4,-1.56249999999997E-6,2.82142857142857E-4
1700,2.99,2.5E-4,-6.91178884959509E-20,2.39285714285713E-4
1740,3,2.49999999999995E-4,0,2.49999999999998E-4
1780,3.01,2.5E-4,6.91178884959509E-20,2.49999999999998E-4
1820,3.02,2.5E-4,0,2.50000000000001E-4
1860,3.03,2.5E-4,0,2.5E-4
1900,3.04,2.5E-4,0,2.5E-4
1940,3.05,2.5E-4,0,2.5E-4
1980,3.06,2.5E-4,0,2.5E-4
2020,3.07,2.5E-4,0,2.5E-4
2060,3.08,2.5E-4,0,2.5E-4
2100,3.09,2.5E-4,0,2.60714285714286E-4
2140,3.1,2.5E-4,-1.56250000000004E-6,2.17857142857142E-4
2180,3.11,1.24999999999997E-4,-1.56249999999997E-6,1.46428571428571E-4
2220,3.11,1.25000000000003E-4,1.56250000000004E-6,1.46428571428572E-4
2260,3.12,2.5E-4,1.56249999999997E-6,2.21428571428573E-4
2300,3.13,2.5E-4,-5.20833333333322E-7,2.39285714285715E-4
2340,3.14,2.08333333333334E-4,5.20833333333337E-7,2.51190476190477E-4
2400,3.15,3.33333333333334E-4,1.04166666666666E-6,3.11904761904762E-4
2460,3.18,3.33333333333334E-4,-1.38888888888889E-6,3.01190476190476E-4
2520,3.19,1.66666666666667E-4,-1.38888888888889E-6,2.0952380952381E-4
2580,3.2,1.66666666666667E-4,0,1.52380952380952E-4
2640,3.21,1.66666666666667E-4,0,1.66666666666667E-4
2700,3.22,1.66666666666667E-4,0,1.66666666666667E-4
2760,3.23,1.66666666666667E-4,0,1.66666666666667E-4
2820,3.24,1.66666666666667E-4,-3.0719061553756E-20,1.66666666666666E-4
2880,3.25,1.66666666666663E-4,0,1.66666666666665E-4
2940,3.26,1.66666666666667E-4,3.0719061553756E-20,1.66666666666666E-4
3000,3.27,1.66666666666667E-4,0,1.66666666666667E-4
3060,3.28,1.66666666666667E-4,0,1.66666666666667E-4
3120,3.29,1.66666666666667E-4,0,1.66666666666667E-4
3180,3.3,1.66666666666667E-4,0,1.66666666666667E-4
3240,3.31,1.66666666666667E-4,0,1.66666666666667E-4
3300,3.32,1.66666666666667E-4,0,1.68452380952381E-4
3360,3.33,1.66666666666667E-4,-1.73611111111115E-7,1.64166666666667E-4
3420,3.34,1.45833333333333E-4,-3.81944444444444E-7,1.39404761904762E-4
3500,3.35,1.125E-4,-2.08333333333357E-8,1.24642857142857E-4
3600,3.36,1.49999999999999E-4,4.37499999999999E-7,1.54642857142857E-4
3700,3.38,2E-4,1.11173074327127E-20,1.81785714285714E-4
3800,3.4,1.50000000000001E-4,-5.00000000000001E-7,1.50000000000001E-4
3900,3.41,1E-4,-1.11173074327127E-20,1.21428571428571E-4
4000,3.42,1.49999999999999E-4,2.50000000000006E-7,1.32857142857143E-4
4100,3.44,1.50000000000001E-4,1.11130722679764E-20,1.54285714285715E-4
4200,3.45,1.50000000000001E-4,-1.11130722679764E-20,1.54285714285715E-4
4300,3.47,1.49999999999999E-4,-2.50000000000006E-7,1.37142857142857E-4
4400,3.48,1E-4,-2.49999999999995E-7,1.08571428571428E-4
4500,3.49,1E-4,2.49999999999995E-7,1.08571428571428E-4
4600,3.5,1.49999999999999E-4,2.49999999999995E-7,1.42142857142856E-4
4700,3.52,1.49999999999999E-4,-2.91666666666662E-7,1.39999999999999E-4
4800,3.53,9.16666666666666E-5,-3.26388888888884E-7,1.00952380952381E-4
4920,3.54,8.33333333333334E-5,1.38888888888886E-7,9.11904761904759E-5
5040,3.55,1.24999999999999E-4,1.73611111111115E-7,1.13571428571428E-4
5160,3.57,1.25000000000001E-4,7.67976538843899E-21,1.28571428571429E-4
5280,3.58,1.25000000000001E-4,-7.67976538843899E-21,1.27380952380953E-4
5400,3.6,1.24999999999999E-4,-1.15740740740749E-7,1.16666666666666E-4
5520,3.61,9.72222222222214E-5,-7.7160493827158E-8,1.07936507936507E-4
5700,3.63,1.11111111111111E-4,3.85802469135828E-8,1.0515873015873E-4
5880,3.65,1.11111111111111E-4,0,1.12301587301587E-4
6060,3.67,1.11111111111111E-4,0,1.11111111111111E-4
6240,3.69,1.11111111111111E-4,0,1.11111111111111E-4
6420,3.71,1.11111111111111E-4,0,1.13492063492064E-4
6600,3.73,1.11111111111111E-4,-7.71604938271623E-8,1.03968253968254E-4
6780,3.75,8.33333333333328E-5,-7.71604938271623E-8,8.80952380952377E-5
6960,3.76,8.33333333333328E-5,7.71604938271623E-8,8.80952380952377E-5
7140,3.78,1.11111111111111E-4,7.71604938271623E-8,1.06349206349206E-4
7320,3.8,1.11111111111111E-4,-7.71604938271589E-8,1.06349206349207E-4
7500,3.82,8.3333333333334E-5,-7.71604938271589E-8,9.04761904761911E-5
7680,3.83,8.3333333333334E-5,-3.42577769778406E-21,8.09523809523814E-5
7860,3.85,8.33333333333328E-5,-3.42577769778406E-21,8.3333333333333E-5
8040,3.86,8.33333333333328E-5,3.42577769778406E-21,8.3333333333333E-5
8220,3.88,8.3333333333334E-5,3.42577769778406E-21,8.33333333333338E-5
8400,3.89,8.3333333333334E-5,-3.42577769778406E-21,8.33333333333338E-5
8580,3.91,8.33333333333328E-5,-3.42577769778406E-21,8.3333333333333E-5
8760,3.92,8.33333333333328E-5,3.42577769778406E-21,8.3333333333333E-5
8940,3.94,8.3333333333334E-5,3.42577769778406E-21,8.33333333333338E-5
9120,3.95,8.3333333333334E-5,-3.42577769778406E-21,8.57142857142861E-5
9300,3.97,8.33333333333328E-5,-7.71604938271623E-8,7.38095238095238E-5
9480,3.98,5.55555555555556E-5,0,6.98412698412696E-5
9660,3.99,8.33333333333328E-5,7.71604938271554E-8,7.38095238095229E-5
9840,4.01,8.33333333333316E-5,3.42577769778406E-21,8.57142857142848E-5
10020,4.02,8.3333333333334E-5,6.85155539556812E-21,8.57142857142858E-5
10200,4.04,8.3333333333334E-5,-7.71604938271657E-8,7.38095238095241E-5
10380,4.05,5.55555555555544E-5,0,6.98412698412696E-5
10560,4.06,8.3333333333334E-5,7.71604938271657E-8,7.61904761904764E-5
10740,4.08,8.3333333333334E-5,-7.71604938271657E-8,7.61904761904764E-5
10920,4.09,5.55555555555544E-5,0,6.98412698412696E-5
11100,4.1,8.3333333333334E-5,7.71604938271657E-8,7.61904761904764E-5
11280,4.12,8.3333333333334E-5,-7.71604938271657E-8,7.61904761904764E-5
11460,4.13,5.55555555555544E-5,0,6.98412698412696E-5
11640,4.14,8.3333333333334E-5,7.71604938271657E-8,7.61904761904764E-5
11820,4.16,8.3333333333334E-5,-7.71604938271657E-8,7.85714285714287E-5
12000,4.17,5.55555555555544E-5,-7.71604938271589E-8,6.03174603174603E-5
12180,4.18,5.55555555555569E-5,7.71604938271657E-8,6.03174603174609E-5
12360,4.19,8.3333333333334E-5,7.7160493827152E-8,7.85714285714287E-5
12540,4.21,8.33333333333316E-5,-7.71604938271589E-8,7.61904761904758E-5
12720,4.22,5.55555555555569E-5,6.85567291683949E-21,7.00793650793654E-5
12900,4.23,8.3333333333334E-5,6.94444444444361E-8,7.35714285714289E-5
13080,4.25,8.05555555555538E-5,-2.16049382716058E-8,8.00793650793646E-5
13280,4.26,7.50000000000006E-5,4.86111111111156E-8,8.47619047619046E-5
13480,4.28,1E-4,-5.55865371635635E-21,8.66666666666665E-5
13680,4.3,7.49999999999984E-5,-6.24999999999987E-8,8.14285714285708E-5
13880,4.31,7.50000000000006E-5,6.25000000000042E-8,7.9285714285714E-5
14080,4.33,1E-4,6.24999999999987E-8,9.3571428571429E-5
14280,4.35,1E-4,0,1.02142857142857E-4
14480,4.37,1E-4,0,1E-4
14680,4.39,1E-4,0,1E-4
14880,4.41,1E-4,0,1E-4
15080,4.43,1E-4,0,1E-4
15280,4.45,1E-4,0,1E-4
15480,4.47,1E-4,0,1E-4
15680,4.49,1E-4,0,1E-4
15880,4.51,1E-4,0,1E-4
16080,4.53,1E-4,0,1E-4
16280,4.55,1E-4,0,1E-4
16480,4.57,1E-4,0,1E-4
16680,4.59,1E-4,0,1E-4
16880,4.61,1E-4,0,1E-4
17080,4.63,1E-4,0,1E-4
17280,4.65,1E-4,0,1E-4
17480,4.67,1E-4,0,1E-4
17680,4.69,1E-4,0,1E-4
17880,4.71,1E-4,0,9.7857142857143E-5
18080,4.73,1E-4,6.24999999999986E-8,1.06428571428571E-4
18280,4.75,1.25E-4,6.24999999999986E-8,1.20714285714285E-4
18480,4.78,1.25E-4,-6.24999999999986E-8,1.20714285714285E-4
18680,4.8,1E-4,-6.24999999999986E-8,1.02142857142857E-4
18880,4.82,1E-4,1.24999999999997E-7,1.06428571428571E-4
19080,4.84,1.49999999999999E-4,2.5E-7,1.47857142857142E-4
19280,4.88,2E-4,1.87500000000002E-7,1.95714285714285E-4
19480,4.92,2.25E-4,1.24999999999997E-7,2.29285714285714E-4
19680,4.97,2.49999999999999E-4,6.25000000000041E-8,2.45714285714286E-4
19880,5.02,2.50000000000001E-4,5.42101086242752E-21,2.50000000000001E-4
20080,5.07,2.50000000000001E-4,6.24999999999931E-8,2.54285714285715E-4
20280,5.12,2.74999999999999E-4,1.24999999999997E-7,2.72857142857143E-4
20480,5.18,3E-4,1.25000000000003E-7,2.99999999999999E-4
20680,5.24,3.25E-4,1.24999999999997E-7,3.25E-4
20880,5.31,3.49999999999999E-4,1.25000000000003E-7,3.47857142857143E-4
21080,5.38,3.75000000000001E-4,1.87500000000002E-7,3.81428571428572E-4
21280,5.46,4.25E-4,1.87499999999996E-7,4.12142857142857E-4
21480,5.55,4.49999999999999E-4,3.12499999999999E-7,4.69285714285714E-4
21680,5.64,5.49999999999999E-4,3.75000000000003E-7,5.34999999999999E-4
21880,5.77,6.00000000000001E-4,2.50000000000006E-7,5.93571428571429E-4
22080,5.88,6.50000000000002E-4,5.62499999999999E-7,6.71428571428573E-4
22280,6.03,8.25E-4,8.74999999999993E-7,8.07857142857143E-4
22480,6.21,0.001,1.0625E-6,9.91428571428571E-4
22680,6.43,0.00125,1.875E-6,0.00120714285714286
22880,6.71,0.00175,4.8125E-6,0.00183785714285714
23080,7.13,0.003175,8.5625E-6,0.00343642857142857
23280,7.98,0.005175,2.9375E-6,0.00476571428571429
23480,9.2,0.00435,-7.75E-6,0.00421285714285714
23680,9.72,0.002075,-7.56250000000001E-6,0.00242642857142857
23880,10.03,0.001325,-2.75E-6,0.00124571428571429
24080,10.25,9.75000000000002E-4,-1.25E-6,9.70714285714286E-4
24280,10.42,8.25E-4,-6.24999999999998E-7,8.1857142857143E-4
24480,10.58,7.25000000000002E-4,-5.62499999999999E-7,7.14285714285716E-4
24680,10.71,6.00000000000001E-4,-5.62500000000011E-7,6.02142857142858E-4
24880,10.82,4.99999999999998E-4,-3.75000000000003E-7,5.04285714285713E-4
25080,10.91,4.49999999999999E-4,-1.87499999999996E-7,4.54285714285713E-4
25280,11,4.25E-4,-2.49999999999995E-7,4.1E-4
25480,11.08,3.50000000000001E-4,-2.49999999999995E-7,3.60714285714287E-4
25680,11.14,3.25000000000002E-4,-6.25000000000098E-8,3.31428571428572E-4
25880,11.21,3.24999999999998E-4,-1.87500000000007E-7,3.05714285714285E-4
26080,11.27,2.49999999999999E-4,-2.49999999999995E-7,2.62857142857141E-4
26280,11.31,2.25E-4,-6.24999999999987E-8,2.27142857142857E-4
26480,11.36,2.25E-4,-6.24999999999988E-8,2.18571428571428E-4
26680,11.4,2E-4,-1.24999999999997E-7,2.02142857142857E-4
26880,11.44,1.75000000000001E-4,-1.24999999999997E-7,1.72857142857144E-4
27080,11.47,1.50000000000001E-4,-6.25000000000097E-8,1.56428571428571E-4
27280,11.5,1.49999999999997E-4,-6.24999999999987E-8,1.41428571428571E-4
27480,11.53,1.25000000000002E-4,-6.24999999999876E-8,1.31428571428572E-4
27680,11.55,1.25000000000002E-4,-1.11130722679764E-20,1.25000000000001E-4
27880,11.58,1.24999999999997E-4,-6.25000000000098E-8,1.18571428571427E-4
28080,11.6,9.99999999999979E-5,-6.24999999999876E-8,1.0642857142857E-4
28280,11.62,1.00000000000002E-4,1.11130722679764E-20,1.00000000000002E-4
28480,11.64,1.00000000000002E-4,-6.25000000000098E-8,9.57142857142874E-5
28680,11.66,7.49999999999984E-5,-1.25000000000008E-7,7.28571428571424E-5
28880,11.67,4.99999999999989E-5,0,5.85714285714269E-5
29080,11.68,7.49999999999984E-5,1.24999999999997E-7,6.92857142854386E-5
29280,11.7,9.99999999999979E-5,1.24999999999997E-7,1.01428571428475E-4
29480,11.72,,,
29680,11.73,,,
29880,11.74,,,
30080,11.75,,,
